title,url,price
2022 Suzuki Carry 1.5 (ปี 19-28) Truck,https://www.one2car.com/for-sale/suzuki-carry-กรุงเทพและปริมณฑล-อ่อนนุช/11920453,299000
2022 Suzuki Carry 1.5 (ปี 19-28) Truck,https://www.one2car.com/for-sale/suzuki-carry-กรุงเทพและปริมณฑล-อ่อนนุช/11920453,299000
2022 Suzuki Carry 1.5 (ปี 19-28) Truck,https://www.one2car.com/for-sale/suzuki-carry-กรุงเทพและปริมณฑล-อ่อนนุช/11920453,299000
2022 Suzuki Carry 1.5 (ปี 19-28) Truck,https://www.one2car.com/for-sale/suzuki-carry-กรุงเทพและปริมณฑล-อ่อนนุช/11920453,299000
2022 Suzuki Carry 1.5 (ปี 19-28) Truck,https://www.one2car.com/for-sale/suzuki-carry-กรุงเทพและปริมณฑล-อ่อนนุช/11920453,299000
2022 Suzuki Carry 1.5 (ปี 19-28) Truck,https://www.one2car.com/for-sale/suzuki-carry-กรุงเทพและปริมณฑล-อ่อนนุช/11920453,299000
2022 Suzuki Carry 1.5 (ปี 19-28) Truck,https://www.one2car.com/for-sale/suzuki-carry-กรุงเทพและปริมณฑล-อ่อนนุช/11920453,299000
2022 Suzuki Carry 1.5 (ปี 19-28) Truck,https://www.one2car.com/for-sale/suzuki-carry-กรุงเทพและปริมณฑล-อ่อนนุช/11920453,299000
2022 Suzuki Carry 1.5 (ปี 19-28) Truck,https://www.one2car.com/for-sale/suzuki-carry-กรุงเทพและปริมณฑล-อ่อนนุช/11920453,299000
2022 Suzuki Carry 1.5 (ปี 19-28) Truck,https://www.one2car.com/for-sale/suzuki-carry-กรุงเทพและปริมณฑล-อ่อนนุช/11920453,299000
2022 Suzuki Carry 1.5 (ปี 19-28) Truck,https://www.one2car.com/for-sale/suzuki-carry-กรุงเทพและปริมณฑล-อ่อนนุช/11920453,299000
2022 Suzuki Carry 1.5 (ปี 19-28) Truck,https://www.one2car.com/for-sale/suzuki-carry-กรุงเทพและปริมณฑล-อ่อนนุช/11920453,299000
2022 Suzuki Carry 1.5 (ปี 19-28) Truck,https://www.one2car.com/for-sale/suzuki-carry-กรุงเทพและปริมณฑล-อ่อนนุช/11920453,299000
2022 Suzuki Carry 1.5 (ปี 19-28) Truck,https://www.one2car.com/for-sale/suzuki-carry-กรุงเทพและปริมณฑล-อ่อนนุช/11920453,299000
2022 Suzuki Carry 1.5 (ปี 19-28) Truck,https://www.one2car.com/for-sale/suzuki-carry-กรุงเทพและปริมณฑล-อ่อนนุช/11920453,299000
2022 Suzuki Carry 1.5 (ปี 19-28) Truck,https://www.one2car.com/for-sale/suzuki-carry-กรุงเทพและปริมณฑล-อ่อนนุช/11920453,299000
2022 Suzuki Carry 1.5 (ปี 19-28) Truck,https://www.one2car.com/for-sale/suzuki-carry-กรุงเทพและปริมณฑล-อ่อนนุช/11920453,299000
2022 Suzuki Carry 1.5 (ปี 19-28) Truck,https://www.one2car.com/for-sale/suzuki-carry-กรุงเทพและปริมณฑล-อ่อนนุช/11920453,299000
2022 Suzuki Carry 1.5 (ปี 19-28) Truck,https://www.one2car.com/for-sale/suzuki-carry-กรุงเทพและปริมณฑล-อ่อนนุช/11920453,299000
2022 Suzuki Carry 1.5 (ปี 19-28) Truck,https://www.one2car.com/for-sale/suzuki-carry-กรุงเทพและปริมณฑล-อ่อนนุช/11920453,299000
2022 Suzuki Carry 1.5 (ปี 19-28) Truck,https://www.one2car.com/for-sale/suzuki-carry-กรุงเทพและปริมณฑล-อ่อนนุช/11920453,299000
2022 Suzuki Carry 1.5 (ปี 19-28) Truck,https://www.one2car.com/for-sale/suzuki-carry-กรุงเทพและปริมณฑล-อ่อนนุช/11920453,299000
2022 Suzuki Carry 1.5 (ปี 19-28) Truck,https://www.one2car.com/for-sale/suzuki-carry-กรุงเทพและปริมณฑล-อ่อนนุช/11920453,299000
2022 Suzuki Carry 1.5 (ปี 19-28) Truck,https://www.one2car.com/for-sale/suzuki-carry-กรุงเทพและปริมณฑล-อ่อนนุช/11920453,299000
2022 Suzuki Carry 1.5 (ปี 19-28) Truck,https://www.one2car.com/for-sale/suzuki-carry-กรุงเทพและปริมณฑล-อ่อนนุช/11920453,299000
2022 Suzuki Carry 1.5 (ปี 19-28) Truck,https://www.one2car.com/for-sale/suzuki-carry-กรุงเทพและปริมณฑล-อ่อนนุช/11920453,299000
